Hospital Name,Hospital Location,Central Line Days,Observed Infections,Predicted Infections,2016 SIR,SIR 95% CI,SIR Interpretation (2006-08 US Baseline),SIR Icon,2013 HHS Targets,Benchmark Icon,Percentile on 2014 National SIR Distribution,County,HPP Region,Location 1
 1. All Oregon,All Neonatal ICUs Combined*,7942,13,17.52,0.742,"0.413, 1.237",Fewer infections,https://data.oregon.gov/views/757s-zskx/files/fe852994-816d-44bd-b231-ffcf0eb05c3a,Target Not Met,,71-75%,,,
 1. All Oregon,Pediatric Medical/Surgical ICUs,4232,10,12.7,0.788,"0.400, 1.404",Fewer infections,https://data.oregon.gov/views/757s-zskx/files/c84edb64-9a81-4e38-93c9-75a14775ea59,Target Not Met,,81-85%,,,
 1. All Oregon,NICU Level II/III,6843,12,14.81,0.81,"0.439, 1.377",Fewer infections,https://data.oregon.gov/views/757s-zskx/files/30dffa6e-982d-4096-9211-f341e0733004,Target Not Met,,76-80%,,,
 1. All Oregon,Adult Cardiothoracic ICUs,9168,1,12.84,0.078,"0.004, 0.384",Statistically fewer infections,https://data.oregon.gov/views/757s-zskx/files/effe3b77-830d-42ab-a9f2-98f104012b2f,SIR Target (<0.5) Met,https://data.oregon.gov/views/757s-zskx/files/f6a4e9f4-3ddf-4ae4-8a92-b4125c43d879,26-30%,,,
 1. All Oregon,NICU Level III,1099,1,2.71,0.369,"0.018, 1.819",Fewer infections,https://data.oregon.gov/views/757s-zskx/files/a8662815-9e35-4998-81ca-d330a26b518a,SIR Target (<0.5) Met,https://data.oregon.gov/views/757s-zskx/files/fd46a200-28b8-4808-91a1-98c652bc000e,46-50%,,,
 1. All Oregon,Pediatric Medical Wards,4043,1,7.28,0.137,"0.007, 0.678",Statistically fewer infections,https://data.oregon.gov/views/757s-zskx/files/cccf9d7b-f8d2-4a9b-91d0-8db0533929e3,SIR Target (<0.5) Met,https://data.oregon.gov/views/757s-zskx/files/dba29f44-61dd-429d-aac5-ae583725ba33,26-30%,,,
 1. All Oregon,Adult Cardiac ICUs,3271,1,6.54,0.153,"0.008, 0.754",Statistically fewer infections,https://data.oregon.gov/views/757s-zskx/files/86f69d05-59d8-4683-8d06-d04b266bd35a,SIR Target (<0.5) Met,https://data.oregon.gov/views/757s-zskx/files/7e6a2a07-36f6-4d08-9e62-e43cf691e1c6,31-35%,,,
 1. All Oregon,Pediatric Medical/Surgical Wards,4544,3,14.09,0.213,"0.054, 0.580",Statistically fewer infections,https://data.oregon.gov/views/757s-zskx/files/e21ec29b-d526-419c-a5d6-6801e1909200,SIR Target (<0.5) Met,https://data.oregon.gov/views/757s-zskx/files/5dd9f2f7-05bd-4567-94c8-323a9911ab6e,31-35%,,,
 1. All Oregon,Adult Surgical ICUs,6992,5,16.08,0.311,"0.114, 0.689",Statistically fewer infections,https://data.oregon.gov/views/757s-zskx/files/ff2a4001-05c9-42ff-852e-dff65a8f6c25,SIR Target (<0.5) Met,https://data.oregon.gov/views/757s-zskx/files/be7ea86b-cf66-4323-acab-3526f79b540e,46-50%,,,
 1. All Oregon,Adult Medical/Surgical Wards,22193,9,26.63,0.338,"0.165, 0.620",Statistically fewer infections,https://data.oregon.gov/views/757s-zskx/files/1f01e2df-7c35-49e5-b489-539d93b0b70b,SIR Target (<0.5) Met,https://data.oregon.gov/views/757s-zskx/files/7d04164d-fc2e-4e69-9579-c19899dfe56d,41-45%,,,
 1. All Oregon,Adult Medical ICUs,4593,5,10.31,0.485,"0.178, 1.075",Fewer infections,https://data.oregon.gov/views/757s-zskx/files/30cd8776-6418-46e2-9e75-139a4d4c2769,SIR Target (<0.5) Met,https://data.oregon.gov/views/757s-zskx/files/adff9b88-4a5f-44b4-b941-a81d9972971c,61-65%,,,
 1. All Oregon,Adult Neurosurgical ICUs,2167,2,5.42,0.369,"0.062, 1.220",Fewer infections,https://data.oregon.gov/views/757s-zskx/files/a0b89f24-e14c-4dac-872e-8a64232bf14d,SIR Target (<0.5) Met,https://data.oregon.gov/views/757s-zskx/files/cecd19a2-35d6-490c-b6f3-76ad1f5e579e,51-55%,,,
Curry General Hospital,Adult Medical/Surgical Wards,21,0,0.03,*,*,#s too small to calculate,,ZERO Infections,https://data.oregon.gov/views/757s-zskx/files/d655c5a7-2928-48c6-92f6-3abab9c45133,*,CURRY,Region3,"94220 4TH STREET
GOLD BEACH 97444
(42.41164, -124.418221)"
Mercy Medical Center,All Adult/Ped ICUs & M/S/MS Wards Combined*,2476,0,3.68,0," , 0.813",Statistically fewer infections,https://data.oregon.gov/views/757s-zskx/files/f381afdf-b44e-4fb4-a9b9-8c6387a06f0a,SIR Target (<0.5) Met & ZERO Infections,https://data.oregon.gov/views/757s-zskx/files/dd69590d-a850-48cf-a299-39f2896ded0e,0-20%,DOUGLAS,Region3,"2700 NORTHWEST STEWART PARKWAY
ROSEBURG 97470
"
Mercy Medical Center,Adult Medical/Surgical ICUs,1207,0,1.81,0," , 1.655",Fewer infections,https://data.oregon.gov/views/757s-zskx/files/192219a7-6b27-4ed0-901b-8932bdaf4d18,SIR Target (<0.5) Met & ZERO Infections,https://data.oregon.gov/views/757s-zskx/files/1b05690d-1863-43df-8218-32d57862f63f,0-25%,DOUGLAS,Region3,"2700 NORTHWEST STEWART PARKWAY
ROSEBURG 97470
"
Mercy Medical Center,Adult Medical Wards,978,0,1.47,0," , 2.042",Fewer infections,https://data.oregon.gov/views/757s-zskx/files/034a1129-aaa8-43f2-9cc9-e467b9b465dd,SIR Target (<0.5) Met & ZERO Infections,https://data.oregon.gov/views/757s-zskx/files/2b37a9a8-0098-4168-a758-ad2e0c0f1680,0-20%,DOUGLAS,Region3,"2700 NORTHWEST STEWART PARKWAY
ROSEBURG 97470
"
Mercy Medical Center,Adult Surgical Wards,291,0,0.41,*,*,#s too small to calculate,,ZERO Infections,https://data.oregon.gov/views/757s-zskx/files/cfb45819-e609-44d2-9346-4f11382df100,*,DOUGLAS,Region3,"2700 NORTHWEST STEWART PARKWAY
ROSEBURG 97470
"
St. Anthony Hospital,All Adult/Ped ICUs & M/S/MS Wards Combined*,333,0,0.43,*,*,#s too small to calculate,,ZERO Infections,https://data.oregon.gov/views/757s-zskx/files/b1e233cd-8bb8-48d9-9973-358d0b5f179c,*,UMATILLA,Region9,"2801 st. anthony way
PENDLETON 97801
"
St. Anthony Hospital,Adult Medical/Surgical ICUs,105,0,0.16,*,*,#s too small to calculate,,ZERO Infections,https://data.oregon.gov/views/757s-zskx/files/58ed92f6-70ae-4ac2-a36c-346662d824e4,*,UMATILLA,Region9,"2801 st. anthony way
PENDLETON 97801
"
St. Anthony Hospital,Adult Medical/Surgical Wards,228,0,0.27,*,*,#s too small to calculate,,ZERO Infections,https://data.oregon.gov/views/757s-zskx/files/41a22882-6906-44c9-bf0b-f5ea415c7dc1,*,UMATILLA,Region9,"2801 st. anthony way
PENDLETON 97801
"
Curry General Hospital,All Adult/Ped ICUs & M/S/MS Wards Combined*,21,0,0.03,*,*,#s too small to calculate,,ZERO Infections,https://data.oregon.gov/views/757s-zskx/files/055aca0a-17e3-4f7d-ad49-f9d83ae0019b,*,CURRY,Region3,"94220 4TH STREET
GOLD BEACH 97444
(42.41164, -124.418221)"
Kaiser Permanente Sunnyside Medical Center,Adult Surgical Wards,532,0,0.74,*,*,#s too small to calculate,,ZERO Infections,https://data.oregon.gov/views/757s-zskx/files/f9de0a1b-2a42-49bf-902a-4946dd0db3cf,*,CLACKAMAS,Region1,"10180 SOUTHEAST SUNNYSIDE ROAD
CLACKAMAS 97015
(45.433462, -122.558525)"
Kaiser Permanente Sunnyside Medical Center,Adult Medical Wards,767,0,1.15,0," , 2.604",Fewer infections,https://data.oregon.gov/views/757s-zskx/files/afc9ece2-f216-4f8c-b2a9-dcd02fb9d1f3,SIR Target (<0.5) Met & ZERO Infections,https://data.oregon.gov/views/757s-zskx/files/0908547a-7039-4e2d-8a3c-591ca0f34927,0-20%,CLACKAMAS,Region1,"10180 SOUTHEAST SUNNYSIDE ROAD
CLACKAMAS 97015
(45.433462, -122.558525)"
Legacy Emanuel Medical Center,All Adult/Ped ICUs & M/S/MS Wards Combined*,14657,18,33.69,0.534,"0.327, 0.828",Statistically fewer infections,https://data.oregon.gov/views/757s-zskx/files/ebcada40-8189-45ea-adda-b2887f0c87da,Target Not Met,,61-65%,MULTNOMAH,Region1,"2801 NORTH GANTENBEIN AVENUE
PORTLAND 97227
(45.543936, -122.669445)"
Kaiser Permanente Westside Medical Center,All Adult/Ped ICUs & M/S/MS Wards Combined*,1332,3,1.6,1.877,"0.477, 5.108",More infections,https://data.oregon.gov/views/757s-zskx/files/3912799f-08dc-4d75-b387-2ebbca2692d3,Target Not Met,,96-100%,WASHINGTON,Region1,"2875 NW STUCKI AVE
HILLSBORO 97124
(45.539713, -122.875667)"
Oregon Health & Science University,Adult Medical ICUs,2255,4,5.86,0.682,"0.217, 1.646",Fewer infections,https://data.oregon.gov/views/757s-zskx/files/cf6c9b10-f23a-44eb-a5c9-ba53b02f4cb0,Target Not Met,,76-80%,MULTNOMAH,Region1,"3181 SOUTHWEST SAM JACKSON PARK ROAD
PORTLAND 97239
(45.499144, -122.687168)"
Asante Rogue Regional Medical Center,All Neonatal ICUs Combined*,280,0,0.6,*,*,#s too small to calculate,,ZERO Infections,https://data.oregon.gov/views/757s-zskx/files/57e9ad7a-f51c-47c7-a466-3bb184d1851e,*,JACKSON,Region5,"2825 EAST BARNETT ROAD
MEDFORD 97504
(42.316483, -122.830443)"
Columbia Memorial Hospital,Adult Medical/Surgical Wards,200,0,0.24,*,*,#s too small to calculate,,ZERO Infections,https://data.oregon.gov/views/757s-zskx/files/7bf9bf12-43e5-47ed-bcce-f81f68714edd,*,CLATSOP,Region1,"2111 EXCHANGE STREET
ASTORIA 97103
(46.188505, -123.81846)"
Coquille Valley Hospital District,Adult Medical/Surgical Wards,138,0,0.17,*,*,#s too small to calculate,,ZERO Infections,https://data.oregon.gov/views/757s-zskx/files/7489b691-5f5e-475d-8c93-d60a572abdaf,*,COOS,Region3,"940 EAST 5TH STREET
COQUILLE 97423
(43.178982, -124.179143)"
Good Shepherd Medical Center,All Adult/Ped ICUs & M/S/MS Wards Combined*,191,0,0.23,*,*,#s too small to calculate,,ZERO Infections,https://data.oregon.gov/views/757s-zskx/files/3971011c-036b-414a-b5c3-49474f86603d,*,UMATILLA,Region9,"610 NORTHWEST 11TH STREET
HERMISTON 97838
(45.846135, -119.31095)"
Legacy Meridian Park Medical Center,Adult Medical/Surgical ICUs,943,0,1.41,0," , 2.118",Fewer infections,https://data.oregon.gov/views/757s-zskx/files/5c073f81-9536-4d2f-b68b-6dc37452794e,SIR Target (<0.5) Met & ZERO Infections,https://data.oregon.gov/views/757s-zskx/files/d7101f02-f6ef-4e2e-a1c7-60df306ebac1,0-25%,CLACKAMAS,Region1,"19300 SOUTHWEST 65TH AVENUE
TUALATIN 97062
(45.377481, -122.743931)"
McKenzie-Willamette Medical Center,Adult Medical/Surgical ICUs,1341,0,2.01,0," , 1.489",Fewer infections,https://data.oregon.gov/views/757s-zskx/files/4abe1b49-9c96-474d-8b58-6af37f384e75,SIR Target (<0.5) Met & ZERO Infections,https://data.oregon.gov/views/757s-zskx/files/e2c55f0a-577a-4333-aac5-c6f158a3eae1,0-25%,LANE,Region3,"1460 G STREET
SPRINGFIELD 97477
(44.0524, -123.002589)"
Oregon Health & Science University,Adult Surgical Wards,3878,1,5.43,0.184,"0.009, 0.908",Statistically fewer infections,https://data.oregon.gov/views/757s-zskx/files/d222cd76-ceb6-44c3-8231-11830a4ec4a7,SIR Target (<0.5) Met,https://data.oregon.gov/views/757s-zskx/files/f5b64167-5989-4db5-b91d-7a9cd9ba4458,31-35%,MULTNOMAH,Region1,"3181 SOUTHWEST SAM JACKSON PARK ROAD
PORTLAND 97239
(45.499144, -122.687168)"
Sacred Heart University District,Adult Medical Wards,146,0,0.22,*,*,#s too small to calculate,,ZERO Infections,https://data.oregon.gov/views/757s-zskx/files/e454aaeb-5648-405d-a6a0-8c0582c32a22,*,LANE,Region3,"1255 HILYARD STREET
EUGENE 97401
(44.046056, -123.082105)"
Silverton Hospital,All Adult/Ped ICUs & M/S/MS Wards Combined*,320,0,0.4,*,*,#s too small to calculate,,ZERO Infections,https://data.oregon.gov/views/757s-zskx/files/355a7b2d-705a-470e-a025-f6ae139a0cfa,*,MARION,Region2,"342 FAIRVIEW STREET
SILVERTON 97381
(45.004564, -122.790746)"
Santiam Memorial Hospital,All Adult/Ped ICUs & M/S/MS Wards Combined*,311,0,0.39,*,*,#s too small to calculate,,ZERO Infections,https://data.oregon.gov/views/757s-zskx/files/3376a727-fbda-4769-841a-af80689fbeda,*,MARION,Region2,"1401 NORTH 10TH AVENUE
STAYTON 97383
(44.80524, -122.784124)"
Tillamook County Hospital,Adult Medical/Surgical Wards,351,0,0.42,*,*,#s too small to calculate,,ZERO Infections,https://data.oregon.gov/views/757s-zskx/files/37911795-bda6-4dd9-9ee0-dbacfd884636,*,TILLAMOOK,Region2,"1000 3RD STREET
TILLAMOOK 97141
(45.456322, -123.854951)"
Providence Willamette Falls Medical Center,Adult Medical/Surgical ICUs,386,1,0.58,*,*,#s too small to calculate,,,,*,CLACKAMAS,Region1,"1500 DIVISION STREET
OREGON CITY 97045
(45.356647, -122.588371)"
Salem Hospital,NICU Level II/III,205,1,0.59,*,*,#s too small to calculate,,,,*,MARION,Region2,"890 Oak St SE, Salem, OR 97301
SALEM 97301
(44.932887, -123.033146)"
Legacy Mount Hood Medical Center,Adult Medical/Surgical ICUs,896,1,1.34,0.744,"0.037, 3.670",Fewer infections,https://data.oregon.gov/views/757s-zskx/files/8f8c5b93-bdf8-4ea1-bc8e-65da9f9f5437,Target Not Met,,81-85%,MULTNOMAH,Region1,"24800 SOUTHEAST STARK STREET
GRESHAM 97030
(45.519053, -122.408279)"
Oregon Health & Science University,Pediatric Medical/Surgical ICUs,2688,10,8.06,1.24,"0.630, 2.210",More infections,https://data.oregon.gov/views/757s-zskx/files/d01b2702-4829-4fc1-b7a5-7992a904d54c,Target Not Met,,91-95%,MULTNOMAH,Region1,"3181 SOUTHWEST SAM JACKSON PARK ROAD
PORTLAND 97239
(45.499144, -122.687168)"
Asante Three Rivers Medical Center,Adult Medical Wards,1013,0,1.52,0," , 1.972",Fewer infections,https://data.oregon.gov/views/757s-zskx/files/93e4c835-be51-4bb8-b36a-eb4414864c93,SIR Target (<0.5) Met & ZERO Infections,https://data.oregon.gov/views/757s-zskx/files/7d984e77-760d-48e4-91d3-e341432d5f2f,0-20%,JOSEPHINE,Region5,"500 RAMSEY AVENUE
GRANTS PASS 97527
(42.420437, -123.341495)"
Legacy Emanuel Medical Center,Adult Medical Wards,15,0,0.02,*,*,#s too small to calculate,,ZERO Infections,https://data.oregon.gov/views/757s-zskx/files/f8b96144-a6db-4021-8a00-a1aab6b5e3a9,*,MULTNOMAH,Region1,"2801 NORTH GANTENBEIN AVENUE
PORTLAND 97227
(45.543936, -122.669445)"
McKenzie-Willamette Medical Center,Adult Medical Wards,900,0,1.35,0," , 2.219",Fewer infections,https://data.oregon.gov/views/757s-zskx/files/5fa5e409-ad9d-49fb-9760-47384f6b3325,SIR Target (<0.5) Met & ZERO Infections,https://data.oregon.gov/views/757s-zskx/files/12e4c225-832e-49d3-ac47-2e2c1fc4442d,0-25%,LANE,Region3,"1460 G STREET
SPRINGFIELD 97477
(44.0524, -123.002589)"
Providence Newberg Medical Center,Adult Medical/Surgical Wards,765,0,0.92,*,*,#s too small to calculate,,ZERO Infections,https://data.oregon.gov/views/757s-zskx/files/46c93eef-f847-479f-8760-921b856632a2,*,YAMHILL,Region2,"1001 PROVIDENCE DRIVE
NEWBERG 97132
(45.308552, -122.933913)"
Providence St. Vincent Medical Center,Pediatric Medical/Surgical Wards,60,0,0.19,*,*,#s too small to calculate,,ZERO Infections,https://data.oregon.gov/views/757s-zskx/files/ee645dc5-8e24-481d-a682-8dff122442cc,*,WASHINGTON,Region1,"9205 SOUTHWEST BARNES ROAD
PORTLAND 97225
(45.50882, -122.770657)"
Sacred Heart Medical Center - Riverbend,Pediatric Medical/Surgical Wards,261,0,0.81,*,*,#s too small to calculate,,ZERO Infections,https://data.oregon.gov/views/757s-zskx/files/3d087238-0761-4988-95fb-372b63f83ee4,*,LANE,Region3,"3333 RIVERBEND DR
SPRINGFIELD 97477
(44.081312, -123.028655)"
Samaritan North Lincoln Hospital,Adult Medical/Surgical ICUs,147,0,0.22,*,*,#s too small to calculate,,ZERO Infections,https://data.oregon.gov/views/757s-zskx/files/e7ac75fc-5bea-41bc-83e4-95fee2033447,*,LINCOLN,Region2,"3043 NORTHEAST 28TH STREET
LINCOLN CITY 97367
(44.985179, -123.995454)"
Samaritan Pacific Communitites Hospital,Adult Medical/Surgical ICUs,315,0,0.47,*,*,#s too small to calculate,,ZERO Infections,https://data.oregon.gov/views/757s-zskx/files/73093f78-9883-4f97-bfd7-800959475744,*,LINCOLN,Region2,"930 SOUTHWEST ABBEY STREET
NEWPORT 97365
(44.629858, -124.059164)"
St. Charles Medical Center - Madras,All Adult/Ped ICUs & M/S/MS Wards Combined*,255,0,0.31,*,*,#s too small to calculate,,ZERO Infections,https://data.oregon.gov/views/757s-zskx/files/727b1627-df2b-4710-92bf-ff2782bd845e,*,JEFFERSON,Region7,"470 NE A STREET
MADRAS 97741
(44.637362, -121.121358)"
Wallowa Memorial Hospital,Adult Medical/Surgical Wards,81,0,0.1,*,*,#s too small to calculate,,ZERO Infections,https://data.oregon.gov/views/757s-zskx/files/f7bc8b93-6745-49f8-935b-050daccaa3d5,*,WALLOWA,Region9,"601 MEDICAL PARKWAY
ENTERPRISE 97828
(45.431755, -117.281385)"
Kaiser Permanente Sunnyside Medical Center,Adult Medical/Surgical ICUs,1740,3,2.61,1.149,"0.292, 3.128",More infections,https://data.oregon.gov/views/757s-zskx/files/c088b81d-cc96-4742-94ed-67c64068e947,Target Not Met,,91-95%,CLACKAMAS,Region1,"10180 SOUTHEAST SUNNYSIDE ROAD
CLACKAMAS 97015
(45.433462, -122.558525)"
Legacy Emanuel Medical Center,All Neonatal ICUs Combined*,2293,5,4.53,1.103,"0.404, 2.445",More infections,https://data.oregon.gov/views/757s-zskx/files/4b13a3e5-a86f-4d00-ab5b-2df8412c20e8,Target Not Met,,86-90%,MULTNOMAH,Region1,"2801 NORTH GANTENBEIN AVENUE
PORTLAND 97227
(45.543936, -122.669445)"
Providence Medford Medical Center,Adult Medical/Surgical Wards,973,1,1.17,0.856,"0.043, 4.224",Fewer infections,https://data.oregon.gov/views/757s-zskx/files/d2ff35b6-85d1-471a-bd08-a2cc83df1ba9,Target Not Met,,81-85%,JACKSON,Region5,"1111 CRATER LAKE AVENUE
MEDFORD 97504
(42.339698, -122.861016)"
Columbia Memorial Hospital,All Adult/Ped ICUs & M/S/MS Wards Combined*,259,0,0.33,*,*,#s too small to calculate,,ZERO Infections,https://data.oregon.gov/views/757s-zskx/files/01860e68-4d11-4d11-9d92-0927e8cc8f3c,*,CLATSOP,Region1,"2111 EXCHANGE STREET
ASTORIA 97103
(46.188505, -123.81846)"
Grande Ronde Hospital,All Adult/Ped ICUs & M/S/MS Wards Combined*,185,0,0.28,*,*,#s too small to calculate,,ZERO Infections,https://data.oregon.gov/views/757s-zskx/files/a7febbcc-0c9b-47c5-bc77-0caf20067b8d,*,UNION,Region9,"900 SUNSET DRIVE
LA GRANDE 97850
(45.319464, -118.104828)"
Lake District Hospital,All Adult/Ped ICUs & M/S/MS Wards Combined*,77,0,0.09,*,*,#s too small to calculate,,ZERO Infections,https://data.oregon.gov/views/757s-zskx/files/97151506-a502-4f4b-a98e-600d6536df38,*,LAKE,Region7,"700 SOUTH J STREET
LAKEVIEW 97630
(42.181583, -120.351437)"
Lake District Hospital,Adult Medical/Surgical Wards,77,0,0.09,*,*,#s too small to calculate,,ZERO Infections,https://data.oregon.gov/views/757s-zskx/files/9d3289c0-bae6-409e-9b52-15066e9d577b,*,LAKE,Region7,"700 SOUTH J STREET
LAKEVIEW 97630
(42.181583, -120.351437)"
Legacy Emanuel Medical Center,Pediatric Medical/Surgical Wards,2906,3,9.01,0.333,"0.085, 0.906",Statistically fewer infections,https://data.oregon.gov/views/757s-zskx/files/8474eaf9-7e4e-4dc0-a755-89c0835f5e6c,SIR Target (<0.5) Met,https://data.oregon.gov/views/757s-zskx/files/3f3879f5-d231-4c6b-b76e-597e95806282,41-45%,MULTNOMAH,Region1,"2801 NORTH GANTENBEIN AVENUE
PORTLAND 97227
(45.543936, -122.669445)"
Samaritan North Lincoln Hospital,All Adult/Ped ICUs & M/S/MS Wards Combined*,264,0,0.36,*,*,#s too small to calculate,,ZERO Infections,https://data.oregon.gov/views/757s-zskx/files/79d3acc1-4707-4cb6-a10f-c7dd6f43092d,*,LINCOLN,Region2,"3043 NORTHEAST 28TH STREET
LINCOLN CITY 97367
(44.985179, -123.995454)"
Silverton Hospital,Adult Medical/Surgical ICUs,61,0,0.09,*,*,#s too small to calculate,,ZERO Infections,https://data.oregon.gov/views/757s-zskx/files/ddd265c2-3a40-49a1-9f9b-70608fbb7ca1,*,MARION,Region2,"342 FAIRVIEW STREET
SILVERTON 97381
(45.004564, -122.790746)"
St. Alphonsus Medical Center - Ontario,Adult Medical/Surgical Wards,49,0,0.06,*,*,#s too small to calculate,,ZERO Infections,https://data.oregon.gov/views/757s-zskx/files/81af9e04-f9e2-49fb-a6f3-4d8f6a2e3513,*,MALHEUR,Region9,"351 SW 9TH STREET
ONTARIO 97914
(44.025448, -116.975133)"
St. Charles Medical Center - Redmond,Adult Medical/Surgical ICUs,233,0,0.35,*,*,#s too small to calculate,,ZERO Infections,https://data.oregon.gov/views/757s-zskx/files/cedacde6-d32f-4684-b586-6d7538993a98,*,DESCHUTES,Region7,"1253 NORTH CANAL BOULEVARD
REDMOND 97756
(44.288703, -121.168558)"
Good Samaritan Regional Medical Center,All Adult/Ped ICUs & M/S/MS Wards Combined*,3212,3,4.69,0.64,"0.163, 1.741",Fewer infections,https://data.oregon.gov/views/757s-zskx/files/23210d30-1cc6-4831-8393-2e7ebb60a37d,Target Not Met,,71-75%,BENTON,Region2,"3600 NORTHWEST SAMARITAN DRIVE
CORVALLIS 97330
(44.604624, -123.251104)"
Legacy Good Samaritan Medical Center,Adult Medical/Surgical ICUs,2171,3,3.26,0.921,"0.234, 2.507",Fewer infections,https://data.oregon.gov/views/757s-zskx/files/5835d6b9-80c0-4cb2-b4aa-c707683cdfaf,Target Not Met,,86-90%,MULTNOMAH,Region1,"1015 NORTHWEST 22ND AVENUE
PORTLAND 97210
(45.530551, -122.696589)"
Providence Medford Medical Center,All Adult/Ped ICUs & M/S/MS Wards Combined*,2801,4,3.88,1.03,"0.327, 2.484",More infections,https://data.oregon.gov/views/757s-zskx/files/91791f37-588e-4e4c-99c3-c8d159e24500,Target Not Met,,91-95%,JACKSON,Region5,"1111 CRATER LAKE AVENUE
MEDFORD 97504
(42.339698, -122.861016)"
Cottage Grove Community Hospital,All Adult/Ped ICUs & M/S/MS Wards Combined*,18,0,0.03,*,*,#s too small to calculate,,ZERO Infections,https://data.oregon.gov/views/757s-zskx/files/b47e6f96-2a63-4545-a20e-3c1f48ceba14,*,LANE,Region3,"1515 VILLAGE DRIVE
COTTAGE GROVE 97424
(43.803841, -123.038615)"
Harney District Hospital,All Adult/Ped ICUs & M/S/MS Wards Combined*,73,0,0.09,*,*,#s too small to calculate,,ZERO Infections,https://data.oregon.gov/views/757s-zskx/files/79d39d43-ad24-4ed3-8afe-f88c24d20e61,*,HARNEY,Region7,"557 WEST WASHINGTON STREET
BURNS 97720
(43.588723, -119.06057)"
Harney District Hospital,Adult Medical/Surgical ICUs,2,0,0,*,*,#s too small to calculate,,ZERO Infections,https://data.oregon.gov/views/757s-zskx/files/950cff6f-8f41-4408-841a-0559b6415720,*,HARNEY,Region7,"557 WEST WASHINGTON STREET
BURNS 97720
(43.588723, -119.06057)"
Mid-Columbia Medical Center,Adult Medical/Surgical ICUs,127,0,0.19,*,*,#s too small to calculate,,ZERO Infections,https://data.oregon.gov/views/757s-zskx/files/cc84cae5-2266-46c6-a630-ef81f5976972,*,WASCO,Region6,"1700 EAST 19TH STREET
THE DALLES 97058
(45.587948, -121.16547)"
Oregon Health & Science University,Adult Neurosurgical ICUs,1435,1,3.59,0.279,"0.014, 1.375",Fewer infections,https://data.oregon.gov/views/757s-zskx/files/2a023a4f-5975-48c2-bfe1-f75f45ec6801,SIR Target (<0.5) Met,https://data.oregon.gov/views/757s-zskx/files/dbbaa37f-3a2d-471f-9085-6c0b250eeb1b,41-45%,MULTNOMAH,Region1,"3181 SOUTHWEST SAM JACKSON PARK ROAD
PORTLAND 97239
(45.499144, -122.687168)"
Providence Milwaukie Hospital,Adult Medical/Surgical ICUs,316,0,0.66,*,*,#s too small to calculate,,ZERO Infections,https://data.oregon.gov/views/757s-zskx/files/f2eb0e0a-5444-441d-beb3-ebb979265f6f,*,CLACKAMAS,Region1,"10150 SOUTHEAST 32ND AVENUE
PORTLAND 97222
(45.449714, -122.629791)"
Providence Milwaukie Hospital,Adult Medical/Surgical Wards,707,0,0.85,*,*,#s too small to calculate,,ZERO Infections,https://data.oregon.gov/views/757s-zskx/files/e54baee8-9412-426c-ae35-ed4b501c2c00,*,CLACKAMAS,Region1,"10150 SOUTHEAST 32ND AVENUE
PORTLAND 97222
(45.449714, -122.629791)"
Samaritan Pacific Communitites Hospital,All Adult/Ped ICUs & M/S/MS Wards Combined*,660,0,0.89,*,*,#s too small to calculate,,ZERO Infections,https://data.oregon.gov/views/757s-zskx/files/012a16d8-1b81-4663-a78d-a14df5cc3201,*,LINCOLN,Region2,"930 SOUTHWEST ABBEY STREET
NEWPORT 97365
(44.629858, -124.059164)"
Silverton Hospital,Adult Medical/Surgical Wards,259,0,0.31,*,*,#s too small to calculate,,ZERO Infections,https://data.oregon.gov/views/757s-zskx/files/153a5178-a351-48a4-97a9-47f4320f9ee9,*,MARION,Region2,"342 FAIRVIEW STREET
SILVERTON 97381
(45.004564, -122.790746)"
St. Charles Medical Center - Bend,All Neonatal ICUs Combined*,236,0,0.49,*,*,#s too small to calculate,,ZERO Infections,https://data.oregon.gov/views/757s-zskx/files/7a46e33e-0dd7-440f-a73d-0739f286693a,*,DESCHUTES,Region7,"2500 NORTHEAST NEFF ROAD
BEND 97701
(44.065757, -121.266661)"
Asante Three Rivers Medical Center,Adult Medical/Surgical ICUs,661,1,0.99,*,*,#s too small to calculate,,,,*,JOSEPHINE,Region5,"500 RAMSEY AVENUE
GRANTS PASS 97527
(42.420437, -123.341495)"
Bay Area Hospital,Adult Medical/Surgical ICUs,580,1,0.87,*,*,#s too small to calculate,,,,*,COOS,Region3,"1775 THOMPSON ROAD
COOS BAY 97420
(43.385854, -124.232463)"
Legacy Mount Hood Medical Center,Adult Surgical Wards,692,1,0.97,*,*,#s too small to calculate,,,,*,MULTNOMAH,Region1,"24800 SOUTHEAST STARK STREET
GRESHAM 97030
(45.519053, -122.408279)"
Kaiser Permanente Westside Medical Center,Adult Medical/Surgical Wards,1332,3,1.6,1.877,"0.477, 5.108",More infections,https://data.oregon.gov/views/757s-zskx/files/f20ef37b-2a4b-4731-95d2-353832f13ad5,Target Not Met,,96-100%,WASHINGTON,Region1,"2875 NW STUCKI AVE
HILLSBORO 97124
(45.539713, -122.875667)"
Providence St. Vincent Medical Center,Adult Medical Wards,899,1,1.35,0.742,"0.037, 3.657",Fewer infections,https://data.oregon.gov/views/757s-zskx/files/c01f94eb-143d-402b-beeb-bfb166fa51ec,Target Not Met,,76-80%,WASHINGTON,Region1,"9205 SOUTHWEST BARNES ROAD
PORTLAND 97225
(45.50882, -122.770657)"
Asante Three Rivers Medical Center,All Adult/Ped ICUs & M/S/MS Wards Combined*,2353,1,3.46,0.289,"0.014, 1.425",Fewer infections,https://data.oregon.gov/views/757s-zskx/files/8abe08e3-00c8-4b37-a5dd-19d99369f7c1,SIR Target (<0.5) Met,https://data.oregon.gov/views/757s-zskx/files/ba69482e-2c2b-49b8-a084-e10fd26d4cd9,36-40%,JOSEPHINE,Region5,"500 RAMSEY AVENUE
GRANTS PASS 97527
(42.420437, -123.341495)"
Asante Three Rivers Medical Center,Adult Surgical Wards,679,0,0.95,*,*,#s too small to calculate,,ZERO Infections,https://data.oregon.gov/views/757s-zskx/files/097aa307-b42b-4d52-8860-439c83cb4f5a,*,JOSEPHINE,Region5,"500 RAMSEY AVENUE
GRANTS PASS 97527
(42.420437, -123.341495)"
Ashland Community Hospital,All Adult/Ped ICUs & M/S/MS Wards Combined*,251,0,0.31,*,*,#s too small to calculate,,ZERO Infections,https://data.oregon.gov/views/757s-zskx/files/89401cfc-ac0e-4cca-8822-74bd1515351d,*,JACKSON,Region5,"280 MAPLE STREET
ASHLAND 97520
(42.206445, -122.725129)"
McKenzie-Willamette Medical Center,All Adult/Ped ICUs & M/S/MS Wards Combined*,2997,0,4.42,0," , 0.678",Statistically fewer infections,https://data.oregon.gov/views/757s-zskx/files/7c58a777-52be-4070-bec9-09b6354a66c3,SIR Target (<0.5) Met & ZERO Infections,https://data.oregon.gov/views/757s-zskx/files/e181313b-1a21-4a4b-bb37-1bffb883e847,0-20%,LANE,Region3,"1460 G STREET
SPRINGFIELD 97477
(44.0524, -123.002589)"
Mid-Columbia Medical Center,All Adult/Ped ICUs & M/S/MS Wards Combined*,276,0,0.41,*,*,#s too small to calculate,,ZERO Infections,https://data.oregon.gov/views/757s-zskx/files/55b83b7d-eba0-48a0-9164-f7b881050b3c,*,WASCO,Region6,"1700 EAST 19TH STREET
THE DALLES 97058
(45.587948, -121.16547)"
Peace Harbor Hospital,All Adult/Ped ICUs & M/S/MS Wards Combined*,166,0,0.22,*,*,#s too small to calculate,,ZERO Infections,https://data.oregon.gov/views/757s-zskx/files/d924e495-e130-4fb0-8afb-ead58d5088a2,*,LANE,Region3,"400 9TH STREET
FLORENCE 97439
(43.974589, -124.117464)"
Sacred Heart University District,All Adult/Ped ICUs & M/S/MS Wards Combined*,146,0,0.22,*,*,#s too small to calculate,,ZERO Infections,https://data.oregon.gov/views/757s-zskx/files/8da1c6aa-2373-4b88-b2b2-370125914e42,*,LANE,Region3,"1255 HILYARD STREET
EUGENE 97401
(44.046056, -123.082105)"
Samaritan Lebanon Community Hospital,Adult Medical/Surgical ICUs,403,0,0.6,*,*,#s too small to calculate,,ZERO Infections,https://data.oregon.gov/views/757s-zskx/files/fff947da-26fd-4017-8aa4-b7a0bcff142c,*,LINN,Region2,"525 NORTH SANTIAM HIGHWAY
LEBANON 97355
(44.55059, -122.908439)"
Santiam Memorial Hospital,Adult Medical/Surgical ICUs,53,0,0.08,*,*,#s too small to calculate,,ZERO Infections,https://data.oregon.gov/views/757s-zskx/files/aef8b56c-a6ef-437e-8c20-e8cbc22661bd,*,MARION,Region2,"1401 NORTH 10TH AVENUE
STAYTON 97383
(44.80524, -122.784124)"
Pioneer Memorial Hospital - Prineville,All Adult/Ped ICUs & M/S/MS Wards Combined*,235,1,0.29,*,*,#s too small to calculate,,,,*,CROOK,Region7,"1201 NORTHEAST ELM STREET
PRINEVILLE 97754
(44.310442, -120.842563)"
Bay Area Hospital,All Adult/Ped ICUs & M/S/MS Wards Combined*,2968,3,4.38,0.685,"0.174, 1.865",Fewer infections,https://data.oregon.gov/views/757s-zskx/files/6de980f5-1e03-4e06-a8e2-4a799ed4f6a6,Target Not Met,,76-80%,COOS,Region3,"1775 THOMPSON ROAD
COOS BAY 97420
(43.385854, -124.232463)"
Legacy Emanuel Medical Center,Adult Surgical Wards,1271,1,1.78,0.562,"0.028, 2.772",Fewer infections,https://data.oregon.gov/views/757s-zskx/files/499d498f-0f4b-4c96-83c1-93e22b166841,Target Not Met,,61-65%,MULTNOMAH,Region1,"2801 NORTH GANTENBEIN AVENUE
PORTLAND 97227
(45.543936, -122.669445)"
Asante Rogue Regional Medical Center,NICU Level II/III,280,0,0.6,*,*,#s too small to calculate,,ZERO Infections,https://data.oregon.gov/views/757s-zskx/files/227c7434-fef2-40e8-bd46-0c3a92977ec0,*,JACKSON,Region5,"2825 EAST BARNETT ROAD
MEDFORD 97504
(42.316483, -122.830443)"
Ashland Community Hospital,Adult Medical/Surgical ICUs,36,0,0.05,*,*,#s too small to calculate,,ZERO Infections,https://data.oregon.gov/views/757s-zskx/files/f6cef03f-83ef-4ea9-8e95-30fb47f7b29c,*,JACKSON,Region5,"280 MAPLE STREET
ASHLAND 97520
(42.206445, -122.725129)"
Kaiser Permanente Sunnyside Medical Center,Adult Cardiothoracic ICUs,1140,0,1.6,0," , 1.877",Fewer infections,https://data.oregon.gov/views/757s-zskx/files/733f3c8d-29b3-413c-8b5a-1a721a1ac1a9,SIR Target (<0.5) Met & ZERO Infections,https://data.oregon.gov/views/757s-zskx/files/e7fe5a36-2061-4c70-a0e0-4f3bb362f0a9,0-25%,CLACKAMAS,Region1,"10180 SOUTHEAST SUNNYSIDE ROAD
CLACKAMAS 97015
(45.433462, -122.558525)"
Legacy Meridian Park Medical Center,Adult Surgical Wards,586,0,0.82,*,*,#s too small to calculate,,ZERO Infections,https://data.oregon.gov/views/757s-zskx/files/cd913324-765e-4c74-a0c5-be907a981d5a,*,CLACKAMAS,Region1,"19300 SOUTHWEST 65TH AVENUE
TUALATIN 97062
(45.377481, -122.743931)"
McKenzie-Willamette Medical Center,Adult Surgical Wards,756,0,1.06,0," , 2.830",Fewer infections,https://data.oregon.gov/views/757s-zskx/files/a8f18ad9-1681-416b-8d86-95f9f82ccce0,SIR Target (<0.5) Met & ZERO Infections,https://data.oregon.gov/views/757s-zskx/files/caf22cf7-3063-4552-9990-7398d1d4d0d0,0-25%,LANE,Region3,"1460 G STREET
SPRINGFIELD 97477
(44.0524, -123.002589)"
Peace Harbor Hospital,Adult Medical/Surgical Wards,93,0,0.11,*,*,#s too small to calculate,,ZERO Infections,https://data.oregon.gov/views/757s-zskx/files/990c4dda-ae28-4c7c-ab45-6117a3a06f0a,*,LANE,Region3,"400 9TH STREET
FLORENCE 97439
(43.974589, -124.117464)"
Providence Hood River Memorial Hospital,Adult Medical/Surgical ICUs,77,0,0.16,*,*,#s too small to calculate,,ZERO Infections,https://data.oregon.gov/views/757s-zskx/files/cef31db2-4471-4c6e-bb30-82b4ef2ad9a3,*,HOOD RIVER,Region6,"810 12TH STREET
HOOD RIVER 97031
(45.704561, -121.523224)"
Providence Newberg Medical Center,All Adult/Ped ICUs & M/S/MS Wards Combined*,1068,0,1.37,0," , 2.183",Fewer infections,https://data.oregon.gov/views/757s-zskx/files/43d2b6cd-1b57-4a6a-95a6-ce535da0244a,SIR Target (<0.5) Met & ZERO Infections,https://data.oregon.gov/views/757s-zskx/files/7dd6fac4-146c-441a-bce4-4f29d2348433,0-20%,YAMHILL,Region2,"1001 PROVIDENCE DRIVE
NEWBERG 97132
(45.308552, -122.933913)"
Samaritan North Lincoln Hospital,Adult Medical/Surgical Wards,117,0,0.14,*,*,#s too small to calculate,,ZERO Infections,https://data.oregon.gov/views/757s-zskx/files/4df372cd-1ce9-4911-b65f-3b1ac8e77046,*,LINCOLN,Region2,"3043 NORTHEAST 28TH STREET
LINCOLN CITY 97367
(44.985179, -123.995454)"
St. Charles Medical Center - Bend,Pediatric Medical/Surgical Wards,73,0,0.23,*,*,#s too small to calculate,,ZERO Infections,https://data.oregon.gov/views/757s-zskx/files/44936145-04e8-4131-9731-4f1c62fb6117,*,DESCHUTES,Region7,"2500 NORTHEAST NEFF ROAD
BEND 97701
(44.065757, -121.266661)"
Legacy Mount Hood Medical Center,Adult Medical Wards,715,1,1.07,0.932,"0.047, 4.599",Fewer infections,https://data.oregon.gov/views/757s-zskx/files/72b898aa-daa5-4253-9b6f-05be42b52cfe,Target Not Met,,81-85%,MULTNOMAH,Region1,"24800 SOUTHEAST STARK STREET
GRESHAM 97030
(45.519053, -122.408279)"
Oregon Health & Science University,NICU Level II/III,3110,5,7.15,0.699,"0.256, 1.550",Fewer infections,https://data.oregon.gov/views/757s-zskx/files/d228bd3a-7419-418e-9df2-fffe55b6eb73,Target Not Met,,71-75%,MULTNOMAH,Region1,"3181 SOUTHWEST SAM JACKSON PARK ROAD
PORTLAND 97239
(45.499144, -122.687168)"
Bay Area Hospital,Adult Medical Wards,1643,1,2.46,0.406,"0.020, 2.001",Fewer infections,https://data.oregon.gov/views/757s-zskx/files/41a67e2b-d91b-4718-9fee-f5d7c31d30be,SIR Target (<0.5) Met,https://data.oregon.gov/views/757s-zskx/files/fc8bdfb0-c299-4521-9405-56c8d239fce7,46-50%,COOS,Region3,"1775 THOMPSON ROAD
COOS BAY 97420
(43.385854, -124.232463)"
Good Shepherd Medical Center,Adult Medical/Surgical Wards,191,0,0.23,*,*,#s too small to calculate,,ZERO Infections,https://data.oregon.gov/views/757s-zskx/files/e5024501-6dfa-47b2-b02a-c132f7c00f90,*,UMATILLA,Region9,"610 NORTHWEST 11TH STREET
HERMISTON 97838
(45.846135, -119.31095)"
Grande Ronde Hospital,Adult Medical/Surgical ICUs,185,0,0.28,*,*,#s too small to calculate,,ZERO Infections,https://data.oregon.gov/views/757s-zskx/files/25efb7f2-0925-45c1-b919-6f83495b2808,*,UNION,Region9,"900 SUNSET DRIVE
LA GRANDE 97850
(45.319464, -118.104828)"
Harney District Hospital,Adult Medical/Surgical Wards,71,0,0.09,*,*,#s too small to calculate,,ZERO Infections,https://data.oregon.gov/views/757s-zskx/files/1530fd02-d71b-46b1-9758-559a3a8dc445,*,HARNEY,Region7,"557 WEST WASHINGTON STREET
BURNS 97720
(43.588723, -119.06057)"
Kaiser Permanente Sunnyside Medical Center,Adult Medical/Surgical Wards,1480,0,1.78,0," , 1.687",Fewer infections,https://data.oregon.gov/views/757s-zskx/files/f88d2503-7c1f-4567-8557-73673cea5d2e,SIR Target (<0.5) Met & ZERO Infections,https://data.oregon.gov/views/757s-zskx/files/7db78f95-fa1b-47a3-a696-6467028c41d0,0-20%,CLACKAMAS,Region1,"10180 SOUTHEAST SUNNYSIDE ROAD
CLACKAMAS 97015
(45.433462, -122.558525)"
Legacy Meridian Park Medical Center,All Adult/Ped ICUs & M/S/MS Wards Combined*,2557,1,3.78,0.265,"0.013, 1.306",Fewer infections,https://data.oregon.gov/views/757s-zskx/files/b88d67e8-8a7a-44ab-97d5-60968fd14762,SIR Target (<0.5) Met,https://data.oregon.gov/views/757s-zskx/files/6a62c5f0-5b55-4928-83c4-19c42050e1ff,36-40%,CLACKAMAS,Region1,"19300 SOUTHWEST 65TH AVENUE
TUALATIN 97062
(45.377481, -122.743931)"
Peace Harbor Hospital,Adult Medical/Surgical ICUs,73,0,0.11,*,*,#s too small to calculate,,ZERO Infections,https://data.oregon.gov/views/757s-zskx/files/7166c818-3c38-406d-a097-7c4cb137f498,*,LANE,Region3,"400 9TH STREET
FLORENCE 97439
(43.974589, -124.117464)"
Providence Hood River Memorial Hospital,Adult Medical/Surgical Wards,149,0,0.18,*,*,#s too small to calculate,,ZERO Infections,https://data.oregon.gov/views/757s-zskx/files/8741c4c6-4eb8-4fc9-825c-64e824c5ad9d,*,HOOD RIVER,Region6,"810 12TH STREET
HOOD RIVER 97031
(45.704561, -121.523224)"
Providence Willamette Falls Medical Center,Adult Medical/Surgical Wards,699,0,0.84,*,*,#s too small to calculate,,ZERO Infections,https://data.oregon.gov/views/757s-zskx/files/a7857eea-0d84-4e82-a787-659a5ad2ad68,*,CLACKAMAS,Region1,"1500 DIVISION STREET
OREGON CITY 97045
(45.356647, -122.588371)"
Samaritan Albany General Hospital,Adult Medical/Surgical ICUs,645,0,0.97,*,*,#s too small to calculate,,ZERO Infections,https://data.oregon.gov/views/757s-zskx/files/622e3d5c-d5f1-4c38-867a-1ea1e1f53e1f,*,LINN,Region2,"1046 6TH AVENUE SOUTHWEST
ALBANY 97321
(44.632067, -123.116771)"
St. Charles Medical Center - Redmond,Adult Medical/Surgical Wards,362,0,0.43,*,*,#s too small to calculate,,ZERO Infections,https://data.oregon.gov/views/757s-zskx/files/6b6fe9d0-7a2d-45c6-9791-d21ce791a949,*,DESCHUTES,Region7,"1253 NORTH CANAL BOULEVARD
REDMOND 97756
(44.288703, -121.168558)"
St. Charles Medical Center - Madras,Adult Medical/Surgical ICUs,0,0,0,*,*,#s too small to calculate,,ZERO Infections,https://data.oregon.gov/views/757s-zskx/files/fc220a0d-8ee1-49b9-9ad7-49bd8269e951,*,JEFFERSON,Region7,"470 NE A STREET
MADRAS 97741
(44.637362, -121.121358)"
Salem Hospital,All Neonatal ICUs Combined*,205,1,0.59,*,*,#s too small to calculate,,,,*,MARION,Region2,"890 Oak St SE, Salem, OR 97301
SALEM 97301
(44.932887, -123.033146)"
Providence Medford Medical Center,Adult Surgical Wards,250,2,0.35,*,*,#s too small to calculate,,,,*,JACKSON,Region5,"1111 CRATER LAKE AVENUE
MEDFORD 97504
(42.339698, -122.861016)"
Good Samaritan Regional Medical Center,Adult Surgical Wards,1292,2,1.81,1.106,"0.185, 3.653",More infections,https://data.oregon.gov/views/757s-zskx/files/5cd82677-be07-4231-9dd8-666548a5c319,Target Not Met,,86-90%,BENTON,Region2,"3600 NORTHWEST SAMARITAN DRIVE
CORVALLIS 97330
(44.604624, -123.251104)"
Providence Portland Medical Center,All Adult/Ped ICUs & M/S/MS Wards Combined*,15936,18,25.16,0.716,"0.437, 1.109",Fewer infections,https://data.oregon.gov/views/757s-zskx/files/e9b1f1ec-9aa5-460e-9ddc-bae3e8a2d98a,Target Not Met,,76-80%,MULTNOMAH,Region1,"4805 NORTHEAST GLISAN STREET
PORTLAND 97213
(45.526518, -122.613781)"
Asante Rogue Regional Medical Center,Adult Medical Wards,1074,0,1.61,0," , 1.860",Fewer infections,https://data.oregon.gov/views/757s-zskx/files/8ac5641f-626d-49e9-a993-0ab659d7e367,SIR Target (<0.5) Met & ZERO Infections,https://data.oregon.gov/views/757s-zskx/files/45e6257c-2051-472e-b2e6-113a772313b2,0-20%,JACKSON,Region5,"2825 EAST BARNETT ROAD
MEDFORD 97504
(42.316483, -122.830443)"
Coquille Valley Hospital District,All Adult/Ped ICUs & M/S/MS Wards Combined*,138,0,0.17,*,*,#s too small to calculate,,ZERO Infections,https://data.oregon.gov/views/757s-zskx/files/62777b89-3dcb-4b6f-ad80-9259976b10bf,*,COOS,Region3,"940 EAST 5TH STREET
COQUILLE 97423
(43.178982, -124.179143)"
Cottage Grove Community Hospital,Adult Medical Wards,18,0,0.03,*,*,#s too small to calculate,,ZERO Infections,https://data.oregon.gov/views/757s-zskx/files/9e787c78-010a-487f-9f93-24a8f4fa0519,*,LANE,Region3,"1515 VILLAGE DRIVE
COTTAGE GROVE 97424
(43.803841, -123.038615)"
Mid-Columbia Medical Center,Adult Medical Wards,149,0,0.22,*,*,#s too small to calculate,,ZERO Infections,https://data.oregon.gov/views/757s-zskx/files/7868d1c3-e9f8-4c8c-85c9-5278342f9701,*,WASCO,Region6,"1700 EAST 19TH STREET
THE DALLES 97058
(45.587948, -121.16547)"
Oregon Health & Science University,Adult Medical Wards,8318,2,12.48,0.16,"0.027, 0.530",Statistically fewer infections,https://data.oregon.gov/views/757s-zskx/files/8b49b6a2-eeec-4c3d-b7a0-382228971e6b,SIR Target (<0.5) Met,https://data.oregon.gov/views/757s-zskx/files/a246361c-8714-46ca-a7e9-ea9b5affe65c,26-30%,MULTNOMAH,Region1,"3181 SOUTHWEST SAM JACKSON PARK ROAD
PORTLAND 97239
(45.499144, -122.687168)"
Providence Hood River Memorial Hospital,All Adult/Ped ICUs & M/S/MS Wards Combined*,226,0,0.34,*,*,#s too small to calculate,,ZERO Infections,https://data.oregon.gov/views/757s-zskx/files/ff29accf-fbaf-41e1-9edd-4ae329d6ede0,*,HOOD RIVER,Region6,"810 12TH STREET
HOOD RIVER 97031
(45.704561, -121.523224)"
Providence Seaside Hospital,All Adult/Ped ICUs & M/S/MS Wards Combined*,203,0,0.28,*,*,#s too small to calculate,,ZERO Infections,https://data.oregon.gov/views/757s-zskx/files/e0d78ecc-60d0-4ff4-b208-1be7b1541bd9,*,CLATSOP,Region1,"725 SOUTH WAHANNA ROAD
SEASIDE 97138
(45.989367, -123.914805)"
Providence St. Vincent Medical Center,Pediatric Medical/Surgical ICUs,24,0,0.07,*,*,#s too small to calculate,,ZERO Infections,https://data.oregon.gov/views/757s-zskx/files/bb467aed-34bd-41d1-b968-129062859d07,*,WASHINGTON,Region1,"9205 SOUTHWEST BARNES ROAD
PORTLAND 97225
(45.50882, -122.770657)"
Samaritan Pacific Communitites Hospital,Adult Medical/Surgical Wards,345,0,0.41,*,*,#s too small to calculate,,ZERO Infections,https://data.oregon.gov/views/757s-zskx/files/d69d8c68-62b3-406c-880f-e9b70d87e0f1,*,LINCOLN,Region2,"930 SOUTHWEST ABBEY STREET
NEWPORT 97365
(44.629858, -124.059164)"
Tuality Community Hostpital,Adult Medical/Surgical Wards,620,0,0.74,*,*,#s too small to calculate,,ZERO Infections,https://data.oregon.gov/views/757s-zskx/files/f240214a-1fbc-42bf-8c39-70f6575ad51b,*,WASHINGTON,Region1,"335 SOUTHEAST 8TH AVENUE
HILLSBORO 97123
(45.519623, -122.97731)"
Legacy Emanuel Medical Center,NICU Level II/III,2293,5,4.53,1.103,"0.404, 2.445",More infections,https://data.oregon.gov/views/757s-zskx/files/6aac33b8-c618-4509-a3c7-df943be7499f,Target Not Met,,86-90%,MULTNOMAH,Region1,"2801 NORTH GANTENBEIN AVENUE
PORTLAND 97227
(45.543936, -122.669445)"
Legacy Mount Hood Medical Center,All Adult/Ped ICUs & M/S/MS Wards Combined*,2303,3,3.39,0.886,"0.225, 2.412",Fewer infections,https://data.oregon.gov/views/757s-zskx/files/384d6bef-3e94-4bcf-bec2-75dd18abf924,Target Not Met,,86-90%,MULTNOMAH,Region1,"24800 SOUTHEAST STARK STREET
GRESHAM 97030
(45.519053, -122.408279)"
Columbia Memorial Hospital,Adult Medical/Surgical ICUs,59,0,0.09,*,*,#s too small to calculate,,ZERO Infections,https://data.oregon.gov/views/757s-zskx/files/d576ee79-edbb-439d-9d71-cce145010744,*,CLATSOP,Region1,"2111 EXCHANGE STREET
ASTORIA 97103
(46.188505, -123.81846)"
Kaiser Permanente Sunnyside Medical Center,All Adult/Ped ICUs & M/S/MS Wards Combined*,5659,3,7.88,0.381,"0.097, 1.036",Fewer infections,https://data.oregon.gov/views/757s-zskx/files/da48be94-6953-404c-893a-956682903a43,SIR Target (<0.5) Met,https://data.oregon.gov/views/757s-zskx/files/1b5111ee-005e-4ca5-bfda-ccdfb5dcf3f1,46-50%,CLACKAMAS,Region1,"10180 SOUTHEAST SUNNYSIDE ROAD
CLACKAMAS 97015
(45.433462, -122.558525)"
Legacy Good Samaritan Medical Center,Adult Medical/Surgical Wards,1139,0,1.37,0," , 2.192",Fewer infections,https://data.oregon.gov/views/757s-zskx/files/5b6b759e-7647-4034-8ac2-6a619b39a5d5,SIR Target (<0.5) Met & ZERO Infections,https://data.oregon.gov/views/757s-zskx/files/117e7dad-7b9d-41ce-a2a4-c8948e2e7e85,0-20%,MULTNOMAH,Region1,"1015 NORTHWEST 22ND AVENUE
PORTLAND 97210
(45.530551, -122.696589)"
Legacy Good Samaritan Medical Center,Adult Surgical Wards,185,0,0.26,*,*,#s too small to calculate,,ZERO Infections,https://data.oregon.gov/views/757s-zskx/files/9b1b6f0b-889d-4102-89e7-6dcb19ab2c04,*,MULTNOMAH,Region1,"1015 NORTHWEST 22ND AVENUE
PORTLAND 97210
(45.530551, -122.696589)"
Oregon Health & Science University,Adult Surgical ICUs,2693,2,6.19,0.323,"0.054, 1.067",Fewer infections,https://data.oregon.gov/views/757s-zskx/files/efa05844-9c4b-4d23-9590-6fb3374dca4f,SIR Target (<0.5) Met,https://data.oregon.gov/views/757s-zskx/files/6875ba1e-8461-4323-b7ea-48b757b77533,46-50%,MULTNOMAH,Region1,"3181 SOUTHWEST SAM JACKSON PARK ROAD
PORTLAND 97239
(45.499144, -122.687168)"
Pioneer Memorial Hospital - Prineville,Adult Medical/Surgical ICUs,23,0,0.03,*,*,#s too small to calculate,,ZERO Infections,https://data.oregon.gov/views/757s-zskx/files/21e4e861-38fa-4395-9c99-534ae9c0a9b7,*,CROOK,Region7,"1201 NORTHEAST ELM STREET
PRINEVILLE 97754
(44.310442, -120.842563)"
St. Alphonsus Medical Center - Ontario,Adult Medical/Surgical ICUs,302,0,0.63,*,*,#s too small to calculate,,ZERO Infections,https://data.oregon.gov/views/757s-zskx/files/64bf7473-0cbc-48ba-b55d-0ec1b1da6594,*,MALHEUR,Region9,"351 SW 9TH STREET
ONTARIO 97914
(44.025448, -116.975133)"
Tillamook County Hospital,Adult Medical/Surgical ICUs,25,0,0.04,*,*,#s too small to calculate,,ZERO Infections,https://data.oregon.gov/views/757s-zskx/files/add9d5f5-0e6b-49ec-962a-ea13f7e4bd79,*,TILLAMOOK,Region2,"1000 3RD STREET
TILLAMOOK 97141
(45.456322, -123.854951)"
Tillamook County Hospital,All Adult/Ped ICUs & M/S/MS Wards Combined*,376,0,0.46,*,*,#s too small to calculate,,ZERO Infections,https://data.oregon.gov/views/757s-zskx/files/41684c6e-14b4-4c67-b1c5-1877053cb437,*,TILLAMOOK,Region2,"1000 3RD STREET
TILLAMOOK 97141
(45.456322, -123.854951)"
St. Charles Medical Center - Madras,Adult Medical/Surgical Wards,255,0,0.31,*,*,#s too small to calculate,,ZERO Infections,https://data.oregon.gov/views/757s-zskx/files/80dccc95-8ab6-41cb-b0f7-9d6193a1fcb9,*,JEFFERSON,Region7,"470 NE A STREET
MADRAS 97741
(44.637362, -121.121358)"
Tuality Community Hostpital,Adult Medical/Surgical ICUs,493,1,0.74,*,*,#s too small to calculate,,,,*,WASHINGTON,Region1,"335 SOUTHEAST 8TH AVENUE
HILLSBORO 97123
(45.519623, -122.97731)"
Pioneer Memorial Hospital - Prineville,Adult Medical/Surgical Wards,212,1,0.25,*,*,#s too small to calculate,,,,*,CROOK,Region7,"1201 NORTHEAST ELM STREET
PRINEVILLE 97754
(44.310442, -120.842563)"
Legacy Meridian Park Medical Center,Adult Medical Wards,1028,1,1.54,0.649,"0.032, 3.198",Fewer infections,https://data.oregon.gov/views/757s-zskx/files/a7d42460-9008-426a-a399-c59c61caa1af,Target Not Met,,71-75%,CLACKAMAS,Region1,"19300 SOUTHWEST 65TH AVENUE
TUALATIN 97062
(45.377481, -122.743931)"
Asante Rogue Regional Medical Center,Pediatric Medical Wards,176,0,0.32,*,*,#s too small to calculate,,ZERO Infections,https://data.oregon.gov/views/757s-zskx/files/d19c775d-97ea-483c-9bcf-b85c2dac03f1,*,JACKSON,Region5,"2825 EAST BARNETT ROAD
MEDFORD 97504
(42.316483, -122.830443)"
Ashland Community Hospital,Adult Medical/Surgical Wards,215,0,0.26,*,*,#s too small to calculate,,ZERO Infections,https://data.oregon.gov/views/757s-zskx/files/74a6e5d2-b7d7-4392-aefa-1ead756b1256,*,JACKSON,Region5,"280 MAPLE STREET
ASHLAND 97520
(42.206445, -122.725129)"
Legacy Emanuel Medical Center,Adult Medical/Surgical Wards,513,0,0.62,*,*,#s too small to calculate,,ZERO Infections,https://data.oregon.gov/views/757s-zskx/files/65fbf351-b8d5-48bf-b60c-70e032100c39,*,MULTNOMAH,Region1,"2801 NORTH GANTENBEIN AVENUE
PORTLAND 97227
(45.543936, -122.669445)"
Oregon Health & Science University,Pediatric Medical/Surgical Wards,1210,0,3.75,0," , 0.799",Statistically fewer infections,https://data.oregon.gov/views/757s-zskx/files/75d0b4f4-ddda-419f-b395-7adc472f4dc1,SIR Target (<0.5) Met & ZERO Infections,https://data.oregon.gov/views/757s-zskx/files/e73a9b6d-f07d-43b3-a603-3f194551ceab,0-20%,MULTNOMAH,Region1,"3181 SOUTHWEST SAM JACKSON PARK ROAD
PORTLAND 97239
(45.499144, -122.687168)"
Oregon Health & Science University,Adult Cardiac ICUs,3271,1,6.54,0.153,"0.008, 0.754",Statistically fewer infections,https://data.oregon.gov/views/757s-zskx/files/b8bcaa6f-7697-4116-a409-ec259e247534,SIR Target (<0.5) Met,https://data.oregon.gov/views/757s-zskx/files/86b3a8e2-eac2-4b0e-b048-b90da7eaed6a,31-35%,MULTNOMAH,Region1,"3181 SOUTHWEST SAM JACKSON PARK ROAD
PORTLAND 97239
(45.499144, -122.687168)"
Providence Medford Medical Center,Adult Medical/Surgical ICUs,1578,1,2.37,0.422,"0.021, 2.084",Fewer infections,https://data.oregon.gov/views/757s-zskx/files/a01a4f76-e03d-4c7f-8324-f255b59a3a59,SIR Target (<0.5) Met,https://data.oregon.gov/views/757s-zskx/files/1a97fb7d-d23d-4732-bbcd-05c9902535cc,56-60%,JACKSON,Region5,"1111 CRATER LAKE AVENUE
MEDFORD 97504
(42.339698, -122.861016)"
Providence Seaside Hospital,Adult Medical ICUs,56,0,0.11,*,*,#s too small to calculate,,ZERO Infections,https://data.oregon.gov/views/757s-zskx/files/bf2bf44c-ede1-4f99-93db-e438832323fa,*,CLATSOP,Region1,"725 SOUTH WAHANNA ROAD
SEASIDE 97138
(45.989367, -123.914805)"
Salem Hospital,Adult Medical/Surgical Wards,574,0,0.69,*,*,#s too small to calculate,,ZERO Infections,https://data.oregon.gov/views/757s-zskx/files/92cca296-6079-4c66-9943-248ca9787a7a,*,MARION,Region2,"890 Oak St SE, Salem, OR 97301
SALEM 97301
(44.932887, -123.033146)"
Salem Hospital,Pediatric Medical/Surgical Wards,34,0,0.11,*,*,#s too small to calculate,,ZERO Infections,https://data.oregon.gov/views/757s-zskx/files/811122d6-7f53-4a7c-8818-850932a724c3,*,MARION,Region2,"890 Oak St SE, Salem, OR 97301
SALEM 97301
(44.932887, -123.033146)"
St. Alphonsus Medical Center - Ontario,Adult Surgical Wards,366,0,0.51,*,*,#s too small to calculate,,ZERO Infections,https://data.oregon.gov/views/757s-zskx/files/cb384187-66e3-475b-a6bc-1e0c2e72a11f,*,MALHEUR,Region9,"351 SW 9TH STREET
ONTARIO 97914
(44.025448, -116.975133)"
St. Charles Medical Center - Redmond,All Adult/Ped ICUs & M/S/MS Wards Combined*,595,0,0.78,*,*,#s too small to calculate,,ZERO Infections,https://data.oregon.gov/views/757s-zskx/files/8465f7b1-9f18-4044-b52b-6e51b139748c,*,DESCHUTES,Region7,"1253 NORTH CANAL BOULEVARD
REDMOND 97756
(44.288703, -121.168558)"
Bay Area Hospital,Adult Surgical Wards,745,1,1.04,0.959,"0.048, 4.729",Fewer infections,https://data.oregon.gov/views/757s-zskx/files/eaeab08b-42bb-4bfb-92f7-d1d6f77614fd,Target Not Met,,86-90%,COOS,Region3,"1775 THOMPSON ROAD
COOS BAY 97420
(43.385854, -124.232463)"
Legacy Emanuel Medical Center,Adult Medical/Surgical ICUs,8432,14,17.71,0.791,"0.450, 1.295",Fewer infections,https://data.oregon.gov/views/757s-zskx/files/fe1e1be0-4f6a-4827-a931-1ce4af1e2a63,Target Not Met,,81-85%,MULTNOMAH,Region1,"2801 NORTH GANTENBEIN AVENUE
PORTLAND 97227
(45.543936, -122.669445)"
Asante Rogue Regional Medical Center,Adult Cardiothoracic ICUs,2407,0,3.37,0," , 0.889",Statistically fewer infections,https://data.oregon.gov/views/757s-zskx/files/8a23b699-8940-486e-8f05-4f5d2172cb1c,SIR Target (<0.5) Met & ZERO Infections,https://data.oregon.gov/views/757s-zskx/files/90f59444-f0e0-49d6-baa4-2059d9fecab2,0-25%,JACKSON,Region5,"2825 EAST BARNETT ROAD
MEDFORD 97504
(42.316483, -122.830443)"
Asante Rogue Regional Medical Center,Adult Medical/Surgical Wards,2032,0,2.44,0," , 1.229",Fewer infections,https://data.oregon.gov/views/757s-zskx/files/bcf3819b-7d89-4846-a7f5-9f6d151ef9e1,SIR Target (<0.5) Met & ZERO Infections,https://data.oregon.gov/views/757s-zskx/files/aa033f7c-de4c-42fc-b228-5471dd193cf3,0-20%,JACKSON,Region5,"2825 EAST BARNETT ROAD
MEDFORD 97504
(42.316483, -122.830443)"
Asante Rogue Regional Medical Center,All Adult/Ped ICUs & M/S/MS Wards Combined*,7767,1,10.85,0.092,"0.005, 0.454",Statistically fewer infections,https://data.oregon.gov/views/757s-zskx/files/6be53945-3196-4c65-97be-96fd2d37b601,SIR Target (<0.5) Met,https://data.oregon.gov/views/757s-zskx/files/0f567798-7e61-4a22-947b-061b88542433,21-25%,JACKSON,Region5,"2825 EAST BARNETT ROAD
MEDFORD 97504
(42.316483, -122.830443)"
Asante Rogue Regional Medical Center,Adult Medical/Surgical ICUs,2078,1,3.12,0.321,"0.016, 1.582",Fewer infections,https://data.oregon.gov/views/757s-zskx/files/acc7b26b-172d-4b76-91d3-5443ee17d617,SIR Target (<0.5) Met,https://data.oregon.gov/views/757s-zskx/files/36c6b213-038b-455c-af3d-bf2517a73cd3,46-50%,JACKSON,Region5,"2825 EAST BARNETT ROAD
MEDFORD 97504
(42.316483, -122.830443)"
Good Samaritan Regional Medical Center,Adult Medical/Surgical ICUs,1920,1,2.88,0.347,"0.017, 1.712",Fewer infections,https://data.oregon.gov/views/757s-zskx/files/5688c274-3659-4b85-a482-c42174eb8dc9,SIR Target (<0.5) Met,https://data.oregon.gov/views/757s-zskx/files/96d021b1-eb42-4e72-a92e-bafab94fb65c,46-50%,BENTON,Region2,"3600 NORTHWEST SAMARITAN DRIVE
CORVALLIS 97330
(44.604624, -123.251104)"
Legacy Emanuel Medical Center,Pediatric Medical/Surgical ICUs,1520,0,4.56,0," , 0.657",Statistically fewer infections,https://data.oregon.gov/views/757s-zskx/files/75315eae-d7b0-4216-9475-0f1f1527440e,SIR Target (<0.5) Met & ZERO Infections,https://data.oregon.gov/views/757s-zskx/files/a77babd0-5a8a-4586-9bea-e43f49f0ded4,0-25%,MULTNOMAH,Region1,"2801 NORTH GANTENBEIN AVENUE
PORTLAND 97227
(45.543936, -122.669445)"
Samaritan Albany General Hospital,All Adult/Ped ICUs & M/S/MS Wards Combined*,1548,0,2.05,0," , 1.461",Fewer infections,https://data.oregon.gov/views/757s-zskx/files/db789fe2-e693-40e2-98d4-92631583a0d4,SIR Target (<0.5) Met & ZERO Infections,https://data.oregon.gov/views/757s-zskx/files/3c03f56f-5018-4683-a1f6-1c772225e7d1,0-20%,LINN,Region2,"1046 6TH AVENUE SOUTHWEST
ALBANY 97321
(44.632067, -123.116771)"
Samaritan Lebanon Community Hospital,All Adult/Ped ICUs & M/S/MS Wards Combined*,910,0,1.21,0," , 2.470",Fewer infections,https://data.oregon.gov/views/757s-zskx/files/66c16a7f-c99e-4457-b1fd-051161acea95,SIR Target (<0.5) Met & ZERO Infections,https://data.oregon.gov/views/757s-zskx/files/7c1b6128-67ce-4911-b281-0004f1878e02,0-20%,LINN,Region2,"525 NORTH SANTIAM HIGHWAY
LEBANON 97355
(44.55059, -122.908439)"
Samaritan Lebanon Community Hospital,Adult Medical/Surgical Wards,507,0,0.61,*,*,#s too small to calculate,,ZERO Infections,https://data.oregon.gov/views/757s-zskx/files/a89d83fb-c8d8-40bd-b209-09c3940cd1c4,*,LINN,Region2,"525 NORTH SANTIAM HIGHWAY
LEBANON 97355
(44.55059, -122.908439)"
Santiam Memorial Hospital,Adult Medical/Surgical Wards,258,0,0.31,*,*,#s too small to calculate,,ZERO Infections,https://data.oregon.gov/views/757s-zskx/files/13d29365-4407-4516-babd-4e7237f766d6,*,MARION,Region2,"1401 NORTH 10TH AVENUE
STAYTON 97383
(44.80524, -122.784124)"
Sky Lakes Medical Center,Adult Medical/Surgical ICUs,1022,0,1.53,0," , 1.954",Fewer infections,https://data.oregon.gov/views/757s-zskx/files/b675461b-65e7-4e64-934a-dcf26c20cc3e,SIR Target (<0.5) Met & ZERO Infections,https://data.oregon.gov/views/757s-zskx/files/016d6aca-924f-4555-bb8e-a02c04a60fc6,0-25%,KLAMATH,Region7,"2865 DAGGETT AVENUE
KLAMATH FALLS 97601
(42.252655, -121.787391)"
Legacy Good Samaritan Medical Center,All Adult/Ped ICUs & M/S/MS Wards Combined*,3495,3,4.88,0.614,"0.156, 1.672",Fewer infections,https://data.oregon.gov/views/757s-zskx/files/c390519a-0260-4ade-9bdd-f642ed170d9a,Target Not Met,,71-75%,MULTNOMAH,Region1,"1015 NORTHWEST 22ND AVENUE
PORTLAND 97210
(45.530551, -122.696589)"
Providence St. Vincent Medical Center,Adult Neurosurgical ICUs,732,1,1.83,0.546,"0.027, 2.695",Fewer infections,https://data.oregon.gov/views/757s-zskx/files/f8d801f8-7053-4737-a1ce-1fea5bb987be,Target Not Met,,66-70%,WASHINGTON,Region1,"9205 SOUTHWEST BARNES ROAD
PORTLAND 97225
(45.50882, -122.770657)"
Oregon Health & Science University,All Adult/Ped ICUs & M/S/MS Wards Combined*,29615,22,58.87,0.374,"0.240, 0.557",Statistically fewer infections,https://data.oregon.gov/views/757s-zskx/files/410361f6-50b8-445b-9702-37740920a1f9,SIR Target (<0.5) Met,https://data.oregon.gov/views/757s-zskx/files/88a43209-e92f-4107-b7a5-d4e264fd8745,46-50%,MULTNOMAH,Region1,"3181 SOUTHWEST SAM JACKSON PARK ROAD
PORTLAND 97239
(45.499144, -122.687168)"
Oregon Health & Science University,Pediatric Medical Wards,3867,1,6.96,0.144,"0.007, 0.709",Statistically fewer infections,https://data.oregon.gov/views/757s-zskx/files/0a8c7844-d474-4829-8edf-53ebdfe4c3d6,SIR Target (<0.5) Met,https://data.oregon.gov/views/757s-zskx/files/7b22755a-c230-419f-8f7a-efbd67314d0a,26-30%,MULTNOMAH,Region1,"3181 SOUTHWEST SAM JACKSON PARK ROAD
PORTLAND 97239
(45.499144, -122.687168)"
Providence St. Vincent Medical Center,Adult Surgical Wards,1831,0,2.56,0," , 1.169",Fewer infections,https://data.oregon.gov/views/757s-zskx/files/9bd9c509-350e-4136-ac94-e472f5b53a43,SIR Target (<0.5) Met & ZERO Infections,https://data.oregon.gov/views/757s-zskx/files/d9e14766-e5a3-4e00-a973-9c6a4a00e45c,0-20%,WASHINGTON,Region1,"9205 SOUTHWEST BARNES ROAD
PORTLAND 97225
(45.50882, -122.770657)"
Sky Lakes Medical Center,All Adult/Ped ICUs & M/S/MS Wards Combined*,1022,0,1.53,0," , 1.954",Fewer infections,https://data.oregon.gov/views/757s-zskx/files/8d908b8c-39d5-4071-a5b4-95ff3953cca7,SIR Target (<0.5) Met & ZERO Infections,https://data.oregon.gov/views/757s-zskx/files/78c91e69-0bed-44f9-8540-bef95d63434b,0-20%,KLAMATH,Region7,"2865 DAGGETT AVENUE
KLAMATH FALLS 97601
(42.252655, -121.787391)"
Oregon Health & Science University,All Neonatal ICUs Combined*,3110,5,7.15,0.699,"0.256, 1.550",Fewer infections,https://data.oregon.gov/views/757s-zskx/files/7f5ea924-4941-49ad-ac53-6823fb554937,Target Not Met,,71-75%,MULTNOMAH,Region1,"3181 SOUTHWEST SAM JACKSON PARK ROAD
PORTLAND 97239
(45.499144, -122.687168)"
Salem Hospital,Adult Medical Wards,900,0,1.35,0," , 2.219",Fewer infections,https://data.oregon.gov/views/757s-zskx/files/577d7d64-27ea-4b1b-a6ff-2106b9ee735b,SIR Target (<0.5) Met & ZERO Infections,https://data.oregon.gov/views/757s-zskx/files/0d724638-8b74-4f74-a8b7-f8c1197a9200,0-20%,MARION,Region2,"890 Oak St SE, Salem, OR 97301
SALEM 97301
(44.932887, -123.033146)"
Willamette Valley Medical Center,Adult Medical/Surgical ICUs,777,0,1.63,0," , 1.836",Fewer infections,https://data.oregon.gov/views/757s-zskx/files/4f643d13-dbd2-4cb0-8f51-e03baf4ef54b,SIR Target (<0.5) Met & ZERO Infections,https://data.oregon.gov/views/757s-zskx/files/7d3f4f10-c593-407e-b56c-742127248f4f,0-25%,YAMHILL,Region2,"2700 SOUTHEAST STRATUS AVENUE
MCMINNVILLE 97128
(45.20031, -123.16523)"
Providence Milwaukie Hospital,All Adult/Ped ICUs & M/S/MS Wards Combined*,1023,0,1.51,0," , 1.981",Fewer infections,https://data.oregon.gov/views/757s-zskx/files/ddcc1b1d-4f9b-4f90-aa2a-acdc8dd140ba,SIR Target (<0.5) Met & ZERO Infections,https://data.oregon.gov/views/757s-zskx/files/c8478878-d51f-4e18-8c83-8902178f7d9a,0-20%,CLACKAMAS,Region1,"10150 SOUTHEAST 32ND AVENUE
PORTLAND 97222
(45.449714, -122.629791)"
Providence Portland Medical Center,Adult Surgical Wards,4592,4,6.43,0.622,"0.198, 1.501",Fewer infections,https://data.oregon.gov/views/757s-zskx/files/dacccd29-20a8-4d3c-b66a-87dca4168e86,Target Not Met,,66-70%,MULTNOMAH,Region1,"4805 NORTHEAST GLISAN STREET
PORTLAND 97213
(45.526518, -122.613781)"
Providence Portland Medical Center,Adult Medical Wards,4652,9,6.98,1.29,"0.629, 2.367",More infections,https://data.oregon.gov/views/757s-zskx/files/4936c513-9a7c-4b1c-a08e-b3661201bd9a,Target Not Met,,91-95%,MULTNOMAH,Region1,"4805 NORTHEAST GLISAN STREET
PORTLAND 97213
(45.526518, -122.613781)"
Providence Portland Medical Center,Adult Medical/Surgical Wards,2561,4,3.07,1.302,"0.414, 3.140",More infections,https://data.oregon.gov/views/757s-zskx/files/619bdafd-da9e-4725-8641-a0341aa2d1d4,Target Not Met,,91-95%,MULTNOMAH,Region1,"4805 NORTHEAST GLISAN STREET
PORTLAND 97213
(45.526518, -122.613781)"
Providence St. Vincent Medical Center,Adult Medical/Surgical ICUs,1528,2,2.29,0.873,"0.146, 2.883",Fewer infections,https://data.oregon.gov/views/757s-zskx/files/7c8a14d9-c69f-41e8-ab9c-8f3bb03fe5fb,Target Not Met,,81-85%,WASHINGTON,Region1,"9205 SOUTHWEST BARNES ROAD
PORTLAND 97225
(45.50882, -122.770657)"
Providence Willamette Falls Medical Center,All Adult/Ped ICUs & M/S/MS Wards Combined*,1085,1,1.42,0.705,"0.035, 3.479",Fewer infections,https://data.oregon.gov/views/757s-zskx/files/1c6196ce-c5bb-4db9-a550-b40aad9e7f9d,Target Not Met,,76-80%,CLACKAMAS,Region1,"1500 DIVISION STREET
OREGON CITY 97045
(45.356647, -122.588371)"
Sacred Heart Medical Center - Riverbend,All Neonatal ICUs Combined*,719,1,1.45,0.69,"0.035, 3.403",Fewer infections,https://data.oregon.gov/views/757s-zskx/files/e54e2163-07a6-4597-9844-132cd495ee4e,Target Not Met,,71-75%,LANE,Region3,"3333 RIVERBEND DR
SPRINGFIELD 97477
(44.081312, -123.028655)"
Sacred Heart Medical Center - Riverbend,NICU Level II/III,719,1,1.45,0.69,"0.035, 3.403",Fewer infections,https://data.oregon.gov/views/757s-zskx/files/73a0a504-f4c2-4a16-8714-96cd01f905f7,Target Not Met,,71-75%,LANE,Region3,"3333 RIVERBEND DR
SPRINGFIELD 97477
(44.081312, -123.028655)"
Salem Hospital,Adult Surgical Wards,1361,2,1.91,1.05,"0.176, 3.468",More infections,https://data.oregon.gov/views/757s-zskx/files/845bdaf3-f14e-4486-a4b5-743a7fe93cb6,Target Not Met,,86-90%,MARION,Region2,"890 Oak St SE, Salem, OR 97301
SALEM 97301
(44.932887, -123.033146)"
Providence Portland Medical Center,Adult Medical/Surgical ICUs,4131,1,8.68,0.115,"0.006, 0.569",Statistically fewer infections,https://data.oregon.gov/views/757s-zskx/files/5640b460-94dd-462b-8b3e-7e43ae420c7b,SIR Target (<0.5) Met,https://data.oregon.gov/views/757s-zskx/files/037f6835-5282-4bea-81af-926db51736e4,26-30%,MULTNOMAH,Region1,"4805 NORTHEAST GLISAN STREET
PORTLAND 97213
(45.526518, -122.613781)"
Providence St. Vincent Medical Center,All Adult/Ped ICUs & M/S/MS Wards Combined*,7315,4,11.43,0.35,"0.111, 0.844",Statistically fewer infections,https://data.oregon.gov/views/757s-zskx/files/9009e91d-8c07-4ca4-9ba3-4239694c3c42,SIR Target (<0.5) Met,https://data.oregon.gov/views/757s-zskx/files/6a61903e-d3c3-44da-a920-1d6f644e6ed8,46-50%,WASHINGTON,Region1,"9205 SOUTHWEST BARNES ROAD
PORTLAND 97225
(45.50882, -122.770657)"
Providence St. Vincent Medical Center,All Neonatal ICUs Combined*,1099,1,2.71,0.369,"0.018, 1.819",Fewer infections,https://data.oregon.gov/views/757s-zskx/files/a8adb662-f35d-4e15-b991-a18494634095,SIR Target (<0.5) Met,https://data.oregon.gov/views/757s-zskx/files/7171a5d7-7067-4297-b497-6a5b7427ade5,46-50%,WASHINGTON,Region1,"9205 SOUTHWEST BARNES ROAD
PORTLAND 97225
(45.50882, -122.770657)"
Providence St. Vincent Medical Center,NICU Level III,1099,1,2.71,0.369,"0.018, 1.819",Fewer infections,https://data.oregon.gov/views/757s-zskx/files/2066203a-3db7-4a07-8e9c-cb6431b71667,SIR Target (<0.5) Met,https://data.oregon.gov/views/757s-zskx/files/fddc70b8-e6e8-46dc-b314-8ab4a0122f56,46-50%,WASHINGTON,Region1,"9205 SOUTHWEST BARNES ROAD
PORTLAND 97225
(45.50882, -122.770657)"
Sacred Heart Medical Center - Riverbend,Adult Medical Wards,1998,0,3,0," , 1.000",Statistically fewer infections,https://data.oregon.gov/views/757s-zskx/files/20e9eb1c-3449-4580-b40e-99b7883b73ee,SIR Target (<0.5) Met & ZERO Infections,https://data.oregon.gov/views/757s-zskx/files/ef3bb30a-6d00-4d4f-9bc2-ea42ec07080a,0-20%,LANE,Region3,"3333 RIVERBEND DR
SPRINGFIELD 97477
(44.081312, -123.028655)"
Salem Hospital,All Adult/Ped ICUs & M/S/MS Wards Combined*,10655,4,15.39,0.26,"0.083, 0.627",Statistically fewer infections,https://data.oregon.gov/views/757s-zskx/files/548f32e9-d80c-4d6f-903c-9ca6ac6ecd0f,SIR Target (<0.5) Met,https://data.oregon.gov/views/757s-zskx/files/74cd332f-e661-41ad-aa2b-c42a02cdab1b,36-40%,MARION,Region2,"890 Oak St SE, Salem, OR 97301
SALEM 97301
(44.932887, -123.033146)"
Adventist Medical Center,Adult Medical Wards,1539,0,2.31,0," , 1.298",Fewer infections,https://data.oregon.gov/views/757s-zskx/files/cfe83669-208b-4d89-af4c-82cd13653325,SIR Target (<0.5) Met & ZERO Infections,https://data.oregon.gov/views/757s-zskx/files/9cf92b17-21df-4276-88a5-b9f6d361d118,0-20%,MULTNOMAH,Region1,"10123 SOUTHEAST MARKET STREET
PORTLAND 97216
(45.511537, -122.559093)"
Providence St. Vincent Medical Center,Adult Cardiothoracic ICUs,2241,0,3.14,0," , 0.955",Statistically fewer infections,https://data.oregon.gov/views/757s-zskx/files/64d14611-12ed-4eb7-99cb-bbecbfe5be6f,SIR Target (<0.5) Met & ZERO Infections,https://data.oregon.gov/views/757s-zskx/files/3b9e5967-0182-4f0e-bce7-90cb42ed783b,0-25%,WASHINGTON,Region1,"9205 SOUTHWEST BARNES ROAD
PORTLAND 97225
(45.50882, -122.770657)"
Sacred Heart Medical Center - Riverbend,Adult Medical/Surgical Wards,3092,0,3.71,0," , 0.807",Statistically fewer infections,https://data.oregon.gov/views/757s-zskx/files/81cdabba-142c-4d80-a7e0-6a15783a8284,SIR Target (<0.5) Met & ZERO Infections,https://data.oregon.gov/views/757s-zskx/files/198bc39c-e035-4e8c-a47b-74c8a00f6b24,0-20%,LANE,Region3,"3333 RIVERBEND DR
SPRINGFIELD 97477
(44.081312, -123.028655)"
Sacred Heart Medical Center - Riverbend,Adult Surgical Wards,1822,0,2.55,0," , 1.174",Fewer infections,https://data.oregon.gov/views/757s-zskx/files/f2cbf3cb-7530-48f8-97ef-670e4111a5b2,SIR Target (<0.5) Met & ZERO Infections,https://data.oregon.gov/views/757s-zskx/files/0fa7e00e-27de-424f-a37a-0637fc205a3e,0-20%,LANE,Region3,"3333 RIVERBEND DR
SPRINGFIELD 97477
(44.081312, -123.028655)"
Sacred Heart Medical Center - Riverbend,All Adult/Ped ICUs & M/S/MS Wards Combined*,13754,4,24.29,0.165,"0.052, 0.397",Statistically fewer infections,https://data.oregon.gov/views/757s-zskx/files/2750e416-7dba-4c05-b914-d0447acd58cd,SIR Target (<0.5) Met,https://data.oregon.gov/views/757s-zskx/files/7570f7e4-eb3f-432d-9a82-4bbd62543074,26-30%,LANE,Region3,"3333 RIVERBEND DR
SPRINGFIELD 97477
(44.081312, -123.028655)"
Sacred Heart Medical Center - Riverbend,Adult Medical ICUs,2282,1,4.34,0.231,"0.012, 1.137",Fewer infections,https://data.oregon.gov/views/757s-zskx/files/92a3a76d-ec81-4587-96fc-6d20be3e347e,SIR Target (<0.5) Met,https://data.oregon.gov/views/757s-zskx/files/f82a5c10-93a6-42a7-9819-6d4064c600ad,36-40%,LANE,Region3,"3333 RIVERBEND DR
SPRINGFIELD 97477
(44.081312, -123.028655)"
Sacred Heart Medical Center - Riverbend,Adult Surgical ICUs,4299,3,9.89,0.303,"0.077, 0.826",Statistically fewer infections,https://data.oregon.gov/views/757s-zskx/files/a29fc4f0-4383-4c67-b4b1-af77ef4bed04,SIR Target (<0.5) Met,https://data.oregon.gov/views/757s-zskx/files/e9a5cf9a-ed53-456f-b41a-be4a0a39ca17,41-45%,LANE,Region3,"3333 RIVERBEND DR
SPRINGFIELD 97477
(44.081312, -123.028655)"
Salem Hospital,Adult Cardiothoracic ICUs,3380,1,4.73,0.211,"0.011, 1.042",Fewer infections,https://data.oregon.gov/views/757s-zskx/files/de5987bf-2739-45df-acdc-35febb21bb24,SIR Target (<0.5) Met,https://data.oregon.gov/views/757s-zskx/files/e7c361f5-9c05-4137-b372-19cf81d066a2,36-40%,MARION,Region2,"890 Oak St SE, Salem, OR 97301
SALEM 97301
(44.932887, -123.033146)"
Adventist Medical Center,Adult Surgical Wards,1223,0,1.71,0," , 1.750",Fewer infections,https://data.oregon.gov/views/757s-zskx/files/41d68995-0275-4733-8009-920fee3e057e,SIR Target (<0.5) Met & ZERO Infections,https://data.oregon.gov/views/757s-zskx/files/40401626-33d2-464d-82f7-6d08fe5ae145,0-20%,MULTNOMAH,Region1,"10123 SOUTHEAST MARKET STREET
PORTLAND 97216
(45.511537, -122.559093)"
Salem Hospital,Adult Medical/Surgical ICUs,4406,1,6.61,0.151,"0.008, 0.746",Statistically fewer infections,https://data.oregon.gov/views/757s-zskx/files/7cf696a3-efa5-4000-bcee-cb91eeb3fd5a,SIR Target (<0.5) Met,https://data.oregon.gov/views/757s-zskx/files/0be90734-4148-4b2c-a213-7d5456a635e6,31-35%,MARION,Region2,"890 Oak St SE, Salem, OR 97301
SALEM 97301
(44.932887, -123.033146)"
Samaritan Albany General Hospital,Adult Medical/Surgical Wards,903,0,1.08,0," , 2.765",Fewer infections,https://data.oregon.gov/views/757s-zskx/files/bb1c85f5-86f2-4816-b03f-338a2e5f60a8,SIR Target (<0.5) Met & ZERO Infections,https://data.oregon.gov/views/757s-zskx/files/57b6efba-0882-4b78-a56e-fe0497e7e049,0-20%,LINN,Region2,"1046 6TH AVENUE SOUTHWEST
ALBANY 97321
(44.632067, -123.116771)"
 1. All Oregon,Adult Medical Wards,28191,16,42.29,0.378,"0.224, 0.601",Statistically fewer infections,https://data.oregon.gov/views/757s-zskx/files/890177bc-f715-44af-9078-81b398048380,SIR Target (<0.5) Met,https://data.oregon.gov/views/757s-zskx/files/b4653e4e-c291-4b5f-922a-dc4561ea46ce,46-50%,,,
St. Charles Medical Center - Bend,Adult Surgical Wards,1078,0,1.51,0," , 1.985",Fewer infections,https://data.oregon.gov/views/757s-zskx/files/1ce6b973-a128-4b46-ab09-35f62eb93bd9,SIR Target (<0.5) Met & ZERO Infections,https://data.oregon.gov/views/757s-zskx/files/7158b5dd-11af-444a-a8fd-25acd20d4f40,0-20%,DESCHUTES,Region7,"2500 NORTHEAST NEFF ROAD
BEND 97701
(44.065757, -121.266661)"
Tuality Community Hostpital,All Adult/Ped ICUs & M/S/MS Wards Combined*,1113,1,1.48,0.674,"0.034, 3.325",Fewer infections,https://data.oregon.gov/views/757s-zskx/files/54cc9be5-f6d0-40fb-b637-a59081dd4f32,Target Not Met,,76-80%,WASHINGTON,Region1,"335 SOUTHEAST 8TH AVENUE
HILLSBORO 97123
(45.519623, -122.97731)"
St. Charles Medical Center - Bend,All Adult/Ped ICUs & M/S/MS Wards Combined*,6283,2,9.43,0.212,"0.036, 0.700",Statistically fewer infections,https://data.oregon.gov/views/757s-zskx/files/5d9a31eb-f911-4af7-a6fa-9b9dc0448489,SIR Target (<0.5) Met,https://data.oregon.gov/views/757s-zskx/files/0ed25bec-4c26-4433-ab9f-e57428d5fa0d,31-35%,DESCHUTES,Region7,"2500 NORTHEAST NEFF ROAD
BEND 97701
(44.065757, -121.266661)"
St. Charles Medical Center - Bend,Adult Medical/Surgical ICUs,2793,1,4.19,0.239,"0.012, 1.177",Fewer infections,https://data.oregon.gov/views/757s-zskx/files/f3af2fbe-5e5a-4dc4-9422-9198b6dc50f0,SIR Target (<0.5) Met,https://data.oregon.gov/views/757s-zskx/files/8c4bc543-3918-4737-bbde-e6154bb984bd,36-40%,DESCHUTES,Region7,"2500 NORTHEAST NEFF ROAD
BEND 97701
(44.065757, -121.266661)"
Providence Newberg Medical Center,Adult Medical/Surgical ICUs,303,0,0.45,*,*,#s too small to calculate,,ZERO Infections,https://data.oregon.gov/views/757s-zskx/files/aaa04fad-6626-45d8-beaa-0e954d68a650,*,YAMHILL,Region2,"1001 PROVIDENCE DRIVE
NEWBERG 97132
(45.308552, -122.933913)"
St. Charles Medical Center - Bend,Adult Medical Wards,2339,1,3.51,0.285,"0.014, 1.406",Fewer infections,https://data.oregon.gov/views/757s-zskx/files/fe07a605-d86a-4910-9ccf-4464c3f25d55,SIR Target (<0.5) Met,https://data.oregon.gov/views/757s-zskx/files/154fd635-b082-4b1d-874e-bc90ff815ec0,36-40%,DESCHUTES,Region7,"2500 NORTHEAST NEFF ROAD
BEND 97701
(44.065757, -121.266661)"
Wallowa Memorial Hospital,All Adult/Ped ICUs & M/S/MS Wards Combined*,81,0,0.1,*,*,#s too small to calculate,,ZERO Infections,https://data.oregon.gov/views/757s-zskx/files/fb461bd1-9f5b-4a0d-a9f1-7f2cff5bd6cb,*,WALLOWA,Region9,"601 MEDICAL PARKWAY
ENTERPRISE 97828
(45.431755, -117.281385)"
Vibra Specialty Hospital of Portland,All Adult/Ped ICUs & LTAC Wards Combined*,5917,10,5.33,1.878,"0.954, 3.347",More infections,https://data.oregon.gov/views/757s-zskx/files/169a29a8-0e44-4e76-b123-7fcd983ab26c,,,85-90%,MULTNOMAH,Region1,"10300 NORTHEAST HANCOCK STREET
PORTLAND 97220
(45.536305, -122.557158)"
Vibra Specialty Hospital of Portland,Adult Long Term Acute Wards,5917,10,5.33,1.878,"0.954, 3.347",More infections,https://data.oregon.gov/views/757s-zskx/files/ffb47cb6-c8c8-4d8e-b12f-579ce5be3e8c,,,85-90%,MULTNOMAH,Region1,"10300 NORTHEAST HANCOCK STREET
PORTLAND 97220
(45.536305, -122.557158)"
 1. All Oregon,Adult Medical/Surgical ICUs,44222,33,75.74,0.436,"0.305, 0.605",Statistically fewer infections,https://data.oregon.gov/views/757s-zskx/files/40b3cbb8-f220-445f-b6b9-0ef8a91c4b67,SIR Target (<0.5) Met,https://data.oregon.gov/views/757s-zskx/files/ac8a9597-d195-4d86-bd67-2e8a919654c0,56-60%,,,
 1. All Oregon,Adult Surgical Wards,22674,14,31.74,0.441,"0.251, 0.722",Statistically fewer infections,https://data.oregon.gov/views/757s-zskx/files/9f2e80af-fba8-484c-bdac-9482ea75a892,SIR Target (<0.5) Met,https://data.oregon.gov/views/757s-zskx/files/31a6cf62-87df-46ea-9aa3-427b15ccd682,51-55%,,,
 1. All Oregon,All Adult/Ped ICUs & M/S/MS Wards Combined*,156290,100,261.65,0.382,"0.313, 0.463",Statistically fewer infections,https://data.oregon.gov/views/757s-zskx/files/dc3367cb-5d59-47d0-9505-033e5a5871c0,SIR Target (<0.5) Met,https://data.oregon.gov/views/757s-zskx/files/95068a12-ad2e-4dbb-bb99-9002d7808140,46-50%,,,
Adventist Medical Center,All Adult/Ped ICUs & M/S/MS Wards Combined*,4411,0,7.48,0," , 0.400",Statistically fewer infections,https://data.oregon.gov/views/757s-zskx/files/2e444178-24f7-427b-b5d4-a74d5a0870bb,SIR Target (<0.5) Met & ZERO Infections,https://data.oregon.gov/views/757s-zskx/files/3be2de18-9c26-4c3e-9bfd-6f321f956ba5,0-20%,MULTNOMAH,Region1,"10123 SOUTHEAST MARKET STREET
PORTLAND 97216
(45.511537, -122.559093)"
St. Charles Medical Center - Bend,NICU Level II/III,236,0,0.49,*,*,#s too small to calculate,,ZERO Infections,https://data.oregon.gov/views/757s-zskx/files/513b0102-c29e-4ab7-b0df-800996b12c22,*,DESCHUTES,Region7,"2500 NORTHEAST NEFF ROAD
BEND 97701
(44.065757, -121.266661)"
Willamette Valley Medical Center,All Adult/Ped ICUs & M/S/MS Wards Combined*,1254,0,2.2,0," , 1.359",Fewer infections,https://data.oregon.gov/views/757s-zskx/files/aaa88c83-9328-46fa-b30d-adeec6db9a7b,SIR Target (<0.5) Met & ZERO Infections,https://data.oregon.gov/views/757s-zskx/files/2e7d822b-fb8f-43a9-998c-2e3cd65e3e70,0-20%,YAMHILL,Region2,"2700 SOUTHEAST STRATUS AVENUE
MCMINNVILLE 97128
(45.20031, -123.16523)"
Adventist Medical Center,Adult Medical/Surgical ICUs,1649,0,3.46,0," , 0.865",Statistically fewer infections,https://data.oregon.gov/views/757s-zskx/files/49df6379-6eff-4754-a716-94f3b424af17,SIR Target (<0.5) Met & ZERO Infections,https://data.oregon.gov/views/757s-zskx/files/18945c0b-81b1-4194-9e01-341a1d584624,0-25%,MULTNOMAH,Region1,"10123 SOUTHEAST MARKET STREET
PORTLAND 97216
(45.511537, -122.559093)"
Providence Seaside Hospital,Adult Medical/Surgical Wards,147,0,0.18,*,*,#s too small to calculate,,ZERO Infections,https://data.oregon.gov/views/757s-zskx/files/bac4362c-8b6c-40ed-9edf-f67148a0b3e1,*,CLATSOP,Region1,"725 SOUTH WAHANNA ROAD
SEASIDE 97138
(45.989367, -123.914805)"
St. Alphonsus Medical Center - Ontario,All Adult/Ped ICUs & M/S/MS Wards Combined*,717,0,1.21,0," , 2.485",Fewer infections,https://data.oregon.gov/views/757s-zskx/files/2070bb89-5aaf-4e79-8d90-8a1426bc69ac,SIR Target (<0.5) Met & ZERO Infections,https://data.oregon.gov/views/757s-zskx/files/05ed1fee-2166-48ef-aa4b-ed626705d4f8,0-20%,MALHEUR,Region9,"351 SW 9TH STREET
ONTARIO 97914
(44.025448, -116.975133)"
Willamette Valley Medical Center,Adult Medical/Surgical Wards,477,0,0.57,*,*,#s too small to calculate,,ZERO Infections,https://data.oregon.gov/views/757s-zskx/files/0798c1a5-15c3-4f9a-bfca-5fa9dfde250b,*,YAMHILL,Region2,"2700 SOUTHEAST STRATUS AVENUE
MCMINNVILLE 97128
(45.20031, -123.16523)"
